,Existing_variation
1,rs1180456737
2,"rs144781935,COSV65071817"
3,rs545649582
4,rs191925218
5,rs929316543
6,rs545818876
7,rs185016844
8,rs959417739
9,rs12741212
10,rs987623594
11,rs113041305
12,rs557362874
13,rs12750842
14,rs908802394
15,rs190155596
16,rs780356760
17,rs1209110113
18,rs10788666
19,rs1033042331
20,rs1006392499
21,rs879775014
22,rs546470160
23,rs1437191862
24,rs190625119
25,rs1054550920
26,rs1569890445
27,rs991972501
28,rs146173348
29,rs1251686911
30,rs1198520099
31,"rs370472527,COSV64280279"
32,rs916397
33,rs192419779
34,rs192797308
35,rs977534405
36,rs986722516
37,rs887103206
38,rs923327743
39,rs1193893713
40,rs541828107
41,rs1017806564
42,rs72651365
43,rs917010541
44,rs571169083
45,rs1046307133
46,rs970989975
47,rs866578451
48,rs923293118
49,rs1027765985
50,rs998195274
51,rs183061973
52,rs1030224411
53,rs1324733814
54,rs927767783
55,rs879259483
56,rs1003667158
57,rs946273540
58,rs1015744365
59,rs772139393
60,rs140151141
61,rs1281402752
62,rs191549886
63,rs1442765579
64,rs545729152
65,"rs2791960,COSV64616768"
66,rs1032376042
67,rs944167586
68,rs926003920
69,rs1569711065
70,rs939245116
71,rs575832023
72,rs753212579
73,rs543271543
74,rs1003674177
75,rs930325489
76,rs949290323
77,rs1055448998
78,rs191160288
79,rs181951205
80,rs966403867
81,rs1439762921
82,rs191164843
83,rs1484473293
84,rs188408699
85,rs192003084
86,rs550475999
87,rs1438318346
88,rs185603731
89,rs1309727973
90,rs900300564
91,rs191915880
92,rs1005019079
93,rs576775118
94,rs184995327
95,rs188416470
96,rs541637286
97,rs542717578
98,rs1342709459
99,rs149418953
100,rs1056962215
101,rs1328495728
102,rs891611040
103,rs994111711
104,rs1052820468
105,rs745795488
106,rs564828010
107,rs894178733
108,rs899121902
109,rs11207093
110,rs1484643349
111,rs1292087871
112,rs1030609632
113,rs1047582494
114,rs1372004439
115,rs1342093563
116,rs1461459516
117,rs182088375
118,rs189180744
119,rs550081937
120,rs183973228
121,rs572533104
122,rs888943975
123,rs899319699
124,rs11161625
125,rs1000698184
126,rs552886593
127,rs1024213177
128,rs904054958
129,rs1213195986
130,rs185199571
131,rs149078782
132,rs151116576
133,rs966649871
134,rs181781288
135,rs887854483
136,rs182283107
137,rs972361904
138,rs189939377
139,rs1027196179
140,rs181642086
141,rs1008350343
142,rs1023747539
143,rs928744526
144,rs28663077
145,rs1041898616
146,rs1326953770
147,rs1250405036
148,rs182343853
149,rs190476201
150,rs189949528
151,rs192864898
152,rs184947170
153,rs373992404
154,rs376918344
155,rs191669198
156,rs374670629
157,rs181745115
158,rs184275918
159,rs186616400
160,rs182631478
161,rs190255786
162,rs184111062
163,rs192253343
164,rs926239353
165,rs965198277
166,rs1014422297
167,rs981163495
168,rs1005783271
169,rs954689829
170,rs888960765
171,rs1014874718
172,rs1312500990
173,rs1416815
174,rs191348427
175,rs1390078311
176,rs184787069
177,rs887181626
178,rs1236756258
179,rs893919248
180,rs113533872
181,rs764510520
182,rs1012396590
183,rs894342007
184,rs774285101
185,rs1052930605
186,rs927929942
187,rs924113221
188,rs890323780
189,rs577886695
190,rs981439724
191,rs1456808698
192,rs1384883701
193,rs1247627352
194,rs1408199120
195,rs1476510923
196,rs1212205989
197,rs1404582592
198,rs1553441568
199,rs1553441561
200,"rs1960953,COSV72012611"
201,rs1324584817
202,rs1474218854
203,rs776443213
204,rs1038608712
205,rs1478745732
206,rs980825988
207,rs796684322
208,rs917080856
209,rs994742922
210,rs920712439
211,rs139703138
212,rs758765542
213,rs1412576470
214,rs910117213
215,rs9427041
216,rs1557970982
217,rs1027049144
218,rs900318065
219,rs906468982
220,rs180920205
221,rs568448830
222,rs180707845
223,rs940964828
224,rs1047396735
225,rs146276522
226,rs191932656
227,rs964248830
228,rs1016253603
229,rs893461778
230,rs189160259
231,rs577854520
232,rs12129766
233,rs147810326
234,rs773920864
235,rs373562047
236,rs992897525
237,rs1289353080
238,rs914051066
239,rs10912999
240,rs1179498340
241,rs963451971
242,rs188114223
243,rs1448260957
244,rs951795294
245,rs1449165262
246,rs553830891
247,rs1170190643
248,rs976510370
249,rs1455718752
250,rs189982987
251,rs184037391
252,rs568170508
253,rs1022106120
254,rs550813412
255,rs924108917
256,rs546934955
257,rs763266557
258,rs1366865116
259,rs58244998
260,rs866682160
261,rs1417985692
262,rs140440261
263,rs76748136
264,rs899334847
265,rs930569348
266,rs893827074
267,rs978194320
268,rs1046835896
269,rs924448551
270,rs1019435872
271,rs962768483
272,rs905669236
273,rs1395132524
274,rs527573374
275,rs1006488372
276,rs141948253
277,rs1040272802
278,rs544655727
279,rs1006416493
280,rs181601301
281,rs186484336
282,rs1390396059
283,rs540557509
284,rs1006108582
285,rs1219118424
286,rs186901926
287,rs191362516
288,rs1244178285
289,rs187712593
290,rs1288139986
291,rs1210981894
292,rs1435227190
293,rs9726697
294,rs919016116
295,rs184218039
296,rs117762831
297,rs144952335
298,rs776380351
299,rs781582434
300,rs575311683
301,rs958339862
302,rs533924500
303,rs552226604
304,rs544837549
305,"rs112468684,COSV58538240"
306,rs1051839965
307,rs187867260
308,rs181286293
309,rs199681445
310,rs1212870458
311,rs187044748
312,rs763002068
313,rs984188581
314,rs941528994
315,rs933323873
316,rs907528917
317,rs201480380
318,rs151316090
319,rs111253821
320,rs933707144
321,rs1341357562
322,rs144507670
323,rs879561465
324,rs1373447274
325,rs1232160900
326,rs553675416
327,rs1219883739
328,rs959159718
329,rs930487307
330,rs927193020
331,rs150575034
332,rs1017595242
333,rs1420634465
334,rs1250027758
335,rs1372485107
336,rs1446810423
337,rs1258966816
338,rs61276917
339,rs186231067
340,rs10823246
341,rs558906212
342,rs181626820
343,rs181290463
344,rs192313440
345,rs189621557
346,rs909262997
347,rs141159261
348,rs141104547
349,rs181897802
350,rs567400721
351,rs946776670
352,rs573212699
353,rs76211056
354,rs149622202
355,rs1259132496
356,rs918185294
357,rs1009453435
358,rs968202820
359,rs1028186790
360,rs924270047
361,rs760500172
362,"rs368448478,COSV57954673"
363,"rs371915604,COSV57954677"
364,rs192381003
365,rs151136136
366,rs897799087
367,rs1246073125
368,rs970949020
369,rs10786510
370,rs923426518
371,"rs558479931,COSV99273397"
372,rs963905177
373,rs1004800549
374,rs933432603
375,rs1011245386
376,rs904011408
377,rs1017508473
378,rs1040861725
379,rs199796669
380,rs778857885
381,"rs4430418,COSV58116974"
382,rs879553086
383,rs879778619
384,rs879480062
385,rs4752540
386,rs879703241
387,rs1222285901
388,rs189488861
389,rs1445267805
390,rs942789427
391,rs752908757
392,rs28436709
393,rs896621035
394,rs531837028
395,rs760331316
396,rs192103428
397,rs954611190
398,rs922284805
399,rs1003303051
400,rs1194287167
401,rs12415577
402,rs971118744
403,rs900966253
404,rs975284750
405,rs1448571998
406,rs939229156
407,rs929024511
408,rs947400619
409,rs948671582
410,rs944048997
411,rs149634141
412,rs1421160298
413,rs201274362
414,rs1163210189
415,rs963972517
416,rs960562226
417,rs993041408
418,rs926088483
419,rs755615719
420,rs180809421
421,rs1223005659
422,rs185146478
423,rs182772761
424,rs1298277786
425,rs966255365
426,rs945242809
427,rs1012738204
428,rs930258850
429,rs536604282
430,rs1017784576
431,rs915655792
432,rs983207792
433,rs1030668436
434,rs760466208
435,rs1009220147
436,rs755626955
437,rs994427516
438,rs934488647
439,rs565469707
440,rs962187006
441,rs192616703
442,rs760838734
443,rs564727726
444,rs891831199
445,rs911790162
446,rs764491104
447,rs188639305
448,rs4561185
449,rs112203716
450,rs1157209977
451,rs1024942719
452,rs1381932117
453,rs1210033056
454,rs1340779425
455,rs1389519261
456,rs1289542116
457,rs1470258449
458,rs1225924529
459,rs1035629932
460,rs916518769
461,rs574066041
462,rs184281172
463,rs532786128
464,rs190270886
465,rs985036555
466,rs188808247
467,rs191350664
468,rs181284191
469,rs546285246
470,rs144637948
471,rs958526460
472,rs775280791
473,rs1014630211
474,"rs552318784,COSV58027103"
475,rs183284439
476,rs541906008
477,rs138094066
478,rs1014661122
479,rs929138002
480,rs958864155
481,rs180878671
482,rs1002989719
483,rs498096
484,rs1044325749
485,rs1206018641
486,rs1257725856
487,rs1049405063
488,rs920840896
489,rs1425741368
490,rs180679024
491,rs1004960986
492,rs1402685194
493,rs186565639
494,rs138380977
495,rs558025821
496,rs1403855271
497,rs1449366354
498,rs939640461
499,rs1211877832
500,rs1479067192
501,rs1325757839
502,rs931578925
503,rs974222963
504,rs192707149
505,rs1249576356
506,rs949320781
507,rs796966701
508,rs538579816
509,rs907849088
510,rs1320793102
511,rs892003844
512,rs899541925
513,rs917707097
514,rs929438725
515,rs897427902
516,rs926363650
517,rs376456849
518,rs975068145
519,rs1427247490
520,rs1180332460
521,rs1200694586
522,rs1201953189
523,rs1258977350
524,rs12224588
525,rs1185932050
526,rs1288138410
527,rs200475959
528,rs979405995
529,rs112729975
530,rs147386147
531,rs185015245
532,rs924040096
533,rs567419375
534,rs199690948
535,rs71488365
536,rs1182835311
537,rs940571546
538,rs11616078
539,rs372397270
540,rs1455971843
541,rs372364434
542,rs902964050
543,rs1000326836
544,rs763594974
545,rs946084493
546,rs935406921
547,rs574335710
548,rs963567738
549,rs552718660
550,rs11063594
551,rs773046328
552,rs1555130508
553,rs118174287
554,rs1040136572
555,rs79284771
556,rs75587749
557,rs79894691
558,rs74972303
559,rs76314796
560,rs117692263
561,rs145920606
562,rs192310165
563,rs1391076603
564,rs117441468
565,rs1405339285
566,rs1380423773
567,rs957553345
568,rs1299057146
569,rs938569119
570,rs112365937
571,rs12819495
572,rs139503805
573,rs138259109
574,rs186143440
575,rs186825452
576,rs113131146
577,rs113084410
578,rs75394732
579,rs77876674
580,rs80298010
581,rs113428280
582,rs11830731
583,rs12322854
584,rs1560009
585,rs9919714
586,rs1560010
587,rs11052274
588,rs16914229
589,rs112897035
590,rs16914557
591,rs11052306
592,rs6488110
593,rs6488120
594,rs6488121
595,rs7967436
596,rs6488123
597,rs2080210
598,rs74065337
599,rs16923367
600,"rs59210706,COSV51994664"
601,rs10492164
602,rs2401387
603,"rs2401388,COSV51993503"
604,"rs61753423,COSV51994735"
605,rs56980650
606,rs1134543
607,rs74065339
608,rs74065340
609,rs74062704
610,rs113298406
611,rs4611290
612,rs112028417
613,rs74062708
614,rs57357049
615,rs56751889
616,rs2268145
617,rs71447599
618,rs111651956
619,rs4763299
620,rs17806015
621,rs766502
622,rs3176793
623,rs1033850982
624,"rs12306998,COSV53786477"
625,rs555222097
626,rs1256579295
627,rs183348350
628,rs1279622710
629,rs1167678763
630,rs1190130351
631,rs879566647
632,rs189659146
633,rs184200647
634,rs186276923
635,rs540532663
636,rs943124603
637,"rs7970569,COSV62810279"
638,rs1427775577
639,rs1330576025
640,rs1446246870
641,rs1344812550
642,rs1293234931
643,rs1304067578
644,rs1387358291
645,rs188147186
646,rs11175327
647,rs1053373587
648,rs1240299161
649,rs1024689939
650,rs905964800
651,rs147828376
652,rs140131697
653,rs537218692
654,rs529206601
655,rs893086608
656,rs1019541972
657,rs140055534
658,rs939089685
659,rs924979845
660,rs947578892
661,rs1047669878
662,rs1015130703
663,rs978553038
664,rs142938317
665,rs143850463
666,rs142658619
667,rs562503317
668,rs1005304330
669,rs937929683
670,rs142332162
671,rs1013434499
672,rs189352501
673,rs987332269
674,rs201071723
675,rs1329084991
676,rs989670703
677,rs1393087907
678,rs917393217
679,rs1024966441
680,rs964521309
681,rs949701420
682,rs149147605
683,rs966072205
684,rs529682127
685,rs1184368649
686,rs1275633643
687,rs191082677
688,rs191415774
689,rs977502762
690,rs953435809
691,rs1027682484
692,rs924684277
693,rs937034725
694,rs1180460202
695,rs1341442193
696,rs867483191
697,rs866327655
698,rs145214324
699,rs140976598
700,rs557506749
701,rs958751104
702,rs138358270
703,rs368062248
704,rs141149001
705,rs9739019
706,rs955126755
707,rs187259678
708,rs187315562
709,rs923112337
710,rs891110925
711,rs1038086115
712,rs989489323
713,rs1003595208
714,rs1021351076
715,rs936448295
716,rs751234267
717,rs186719026
718,rs1390952547
719,rs1285240679
720,rs1386204965
721,rs188474536
722,rs1276293618
723,rs1022241898
724,rs903113647
725,rs918824817
726,rs1339874719
727,rs12423716
728,rs1315274027
729,rs1033236685
730,rs561590804
731,rs924704196
732,rs1454019703
733,rs533786503
734,rs1175466736
735,rs548143461
736,rs1185027045
737,rs897616800
738,rs977934210
739,rs60404223
740,rs768695083
741,rs184536147
742,rs560700563
743,rs1401603922
744,rs533089133
745,rs188348292
746,rs182150701
747,rs977620357
748,rs972139770
749,rs981510740
750,rs185745514
751,rs1181592519
752,rs186117983
753,rs1275129288
754,rs148453881
755,rs2348488
756,rs1248216723
757,rs376185606
758,rs550978858
759,rs909203751
760,rs373025896
761,rs916701845
762,rs574545200
763,rs912660381
764,"rs147308868,COSV61708439"
765,rs12819466
766,rs35492403
767,rs1451333828
768,rs1299045891
769,rs1431645826
770,rs10527871
771,rs553380187
772,rs1016885360
773,rs949741125
774,rs945909401
775,rs1054616942
776,rs1010291087
777,rs34497470
778,rs1021854037
779,rs71431394
780,"rs61553800,COSV51172393"
781,rs148432645
782,rs73189108
783,rs547951273
784,rs1292632058
785,rs929113888
786,rs188848536
787,rs928376498
788,rs1048120677
789,rs868219536
790,rs181835469
791,rs2998215
792,rs913625553
793,rs373451757
794,rs1444541444
795,rs1328352690
796,rs528963932
797,rs184097743
798,rs984219890
799,rs746583341
800,rs139676405
801,rs9560949
802,rs1323804493
803,rs183013678
804,rs185850173
805,rs894385348
806,rs1348620829
807,rs1191271471
808,rs1275391615
809,rs751516533
810,rs1566665602
811,rs1038378087
812,rs572884277
813,rs1008571015
814,rs138940920
815,rs552191966
816,rs1176487925
817,rs1266303111
818,rs183062201
819,rs1458386304
820,rs1320688441
821,rs1387802674
822,rs1004887206
823,rs925635571
824,rs568330460
825,rs1026219233
826,rs1013849810
827,rs1289397877
828,rs1200524586
829,rs942444381
830,rs964290505
831,rs185450868
832,rs1323959
833,rs1203221239
834,rs1404741022
835,rs7159528
836,rs544964455
837,rs763199644
838,rs969006405
839,rs973831740
840,rs187777232
841,rs1264962171
842,rs962949270
843,rs1419144772
844,rs1285360395
845,rs945973635
846,rs998802227
847,rs941810105
848,rs952449184
849,rs766057740
850,rs3062721
851,rs1020503895
852,rs184895836
853,rs190754673
854,rs879283465
855,rs557294708
856,rs1474699372
857,rs1415363047
858,rs12883812
859,rs150276573
860,rs980153301
861,rs551301813
862,rs973723081
863,rs941270893
864,rs186703837
865,rs934518452
866,rs141996250
867,rs913544099
868,rs1270555929
869,rs770002427
870,rs529252258
871,rs551425631
872,rs772714749
873,rs541297024
874,rs369811214
875,rs149501138
876,rs113549192
877,rs1162641320
878,rs372763818
879,rs983371162
880,rs991907611
881,rs193025629
882,rs192370888
883,rs182023324
884,rs765856011
885,rs183367707
886,rs899457547
887,rs891281043
888,rs192895520
889,rs12147912
890,rs887681356
891,rs907893318
892,rs1048481696
893,rs944926917
894,rs994951366
895,rs1006941629
896,rs915822875
897,rs980038426
898,rs968722163
899,rs1026706585
900,rs1205313613
901,rs998271988
902,rs185337216
903,rs1054735333
904,rs146983144
905,rs928070201
906,rs891393667
907,rs1427153052
908,rs543249475
909,rs559270162
910,rs371372320
911,rs933940107
912,rs879400718
913,rs192701401
914,rs879508938
915,rs978052131
916,rs879298104
917,rs1742333
918,rs112752436
919,rs61984398
920,rs754834150
921,rs866472147
922,rs372815244
923,rs1249298233
924,rs180861737
925,rs1265218326
926,rs1298045117
927,rs376855991
928,rs916491421
929,rs375486523
930,rs184526733
931,rs887393154
932,rs918472521
933,rs975401204
934,rs995284480
935,rs190581249
936,rs184811392
937,rs536225880
938,rs200703046
939,rs2450473
940,rs55813594
941,rs1175969926
942,rs201377566
943,rs373942929
944,rs370940853
945,rs1306772394
946,rs1300160226
947,rs79049125
948,rs60685861
949,rs376335249
950,rs553155599
951,rs565312386
952,rs1005419781
953,rs1364518290
954,rs985451149
955,rs1166966049
956,rs757520562
957,rs1042561627
958,rs950943747
959,rs530350998
960,rs934805422
961,rs988812532
962,rs1039491918
963,rs965811080
964,rs1359946684
965,rs28663061
966,rs993367203
967,rs919407214
968,rs1439395882
969,rs1221989873
970,rs1192969780
971,rs1293618078
972,rs1366846788
973,rs1336657946
974,rs960721583
975,rs1372888350
976,rs1401574451
977,rs1276127685
978,rs187924580
979,rs576303032
980,rs189168426
981,rs189249717
982,rs183984579
983,rs185366996
984,rs190496046
985,rs71373259
986,rs1362671784
987,rs200583290
988,rs192105639
989,rs539734870
990,rs191798302
991,rs184213678
992,rs181770640
993,rs144234304
994,rs201381215
995,rs187554189
996,rs63031764
997,rs1007419894
998,rs74413542
999,rs1166464115
1000,rs1327654009
1001,rs112756404
1002,rs149639194
1003,rs144259530
1004,rs187072674
1005,rs936740755
1006,rs1055638046
1007,rs199892824
1008,rs7196764
1009,rs556948296
1010,rs899206922
1011,rs1018039507
1012,rs1304198103
1013,"rs1260783145,COSV68347340"
1014,rs1019115709
1015,rs12449055
1016,rs1018110279
1017,rs750066114
1018,rs530397263
1019,rs921079872
1020,rs891894140
1021,"rs1324233826,COSV51838327"
1022,rs1194817912
1023,rs1487490123
1024,rs189339121
1025,rs1182921568
1026,rs1486106826
1027,rs1390234024
1028,rs199734602
1029,rs12448838
1030,rs1398783128
1031,rs953981817
1032,rs1009226805
1033,rs186276954
1034,rs12452067
1035,rs1490570622
1036,rs915958649
1037,rs930957758
1038,rs555668005
1039,rs568092773
1040,rs904015081
1041,rs186743952
1042,rs1051751570
1043,rs959422663
1044,rs938413180
1045,rs906575664
1046,rs977871567
1047,rs199788323
1048,rs1481192710
1049,rs376158406
1050,rs1597821950
1051,rs905544882
1052,rs1481126069
1053,rs1241821331
1054,rs1318049740
1055,rs188473325
1056,rs555938949
1057,rs548344352
1058,rs1386260262
1059,rs577499469
1060,rs183632932
1061,rs954693963
1062,rs553817274
1063,rs893941780
1064,rs993693758
1065,rs559667978
1066,rs1000169292
1067,rs929163800
1068,rs977403208
1069,rs1002869074
1070,rs1046251506
1071,rs775354199
1072,rs912184939
1073,rs1270949532
1074,rs968141489
1075,rs543565735
1076,rs994969929
1077,rs979566138
1078,rs948476279
1079,rs923504458
1080,rs1033117678
1081,rs140199533
1082,rs1253800996
1083,rs568980291
1084,rs12937329
1085,rs190964265
1086,rs929832905
1087,rs756597594
1088,rs576657703
1089,rs920068012
1090,rs549764261
1091,rs1056563773
1092,rs181277021
1093,rs192623339
1094,rs566195627
1095,rs578239711
1096,rs554436398
1097,rs187616422
1098,rs947138472
1099,rs1023092476
1100,rs191921480
1101,rs193291371
1102,rs184770303
1103,rs185538013
1104,"rs9894281,COSV58299913"
1105,rs772524325
1106,rs187514354
1107,rs564051897
1108,rs62087503
1109,rs887689148
1110,rs913205261
1111,rs913229570
1112,rs192971316
1113,rs974508053
1114,rs567062563
1115,rs560371919
1116,rs1013537269
1117,rs996938841
1118,rs1015119880
1119,rs4788988
1120,rs192508344
1121,rs915278543
1122,rs772832896
1123,rs909639367
1124,rs748744728
1125,rs574668138
1126,rs553375408
1127,rs917079589
1128,rs536938116
1129,rs576542555
1130,rs914145758
1131,rs1367745953
1132,rs1417841189
1133,rs1228802044
1134,rs1361406529
1135,rs1453314534
1136,rs1315630982
1137,rs1028469426
1138,rs1170908752
1139,rs1223592703
1140,rs182631339
1141,rs1030273207
1142,rs955169104
1143,rs1000425887
1144,rs529093893
1145,rs942429439
1146,rs1237999826
1147,rs934729141
1148,rs1045934013
1149,rs1035677033
1150,rs1390265215
1151,rs182627164
1152,rs571626509
1153,rs893045069
1154,rs187307406
1155,rs978695926
1156,rs537583393
1157,rs1032813427
1158,rs1467302997
1159,rs375192210
1160,rs1249613266
1161,rs796714862
1162,rs558132904
1163,rs957814705
1164,rs948830789
1165,rs547646474
1166,rs953933102
1167,rs1320749449
1168,rs1372878001
1169,rs373415186
1170,rs577373230
1171,rs202010475
1172,rs948688042
1173,rs945757116
1174,rs1289310912
1175,rs1033526979
1176,rs755397379
1177,rs572034164
1178,rs904347533
1179,rs193128462
1180,rs186675932
1181,rs952202363
1182,rs894344692
1183,rs1033930565
1184,rs1454502274
1185,rs914832579
1186,rs1249204635
1187,rs542188787
1188,rs577825853
1189,rs568415000
1190,rs190728385
1191,rs577698004
1192,rs759500770
1193,rs577918704
1194,rs938428065
1195,rs935165954
1196,rs749207986
1197,rs762423527
1198,rs183198148
1199,rs971969439
1200,rs1055128330
1201,rs1029619036
1202,rs907057211
1203,rs1410775360
1204,rs931160834
1205,rs950791128
1206,rs968301834
1207,rs2429735
1208,rs930938315
1209,rs1045784113
1210,rs963637844
1211,rs1471451169
1212,rs762396053
1213,rs1422716420
1214,rs1179876278
1215,rs1466808993
1216,rs924025612
1217,rs1273910893
1218,rs190846939
1219,rs1455897534
1220,rs988749843
1221,rs189572054
1222,rs1464326764
1223,rs924710958
1224,rs190203508
1225,rs1022419870
1226,rs1042041012
1227,rs78157514
1228,rs370346997
1229,rs1048998638
1230,rs188967225
1231,rs756249241
1232,rs771823349
1233,rs918791100
1234,rs918763414
1235,rs930180710
1236,rs184467106
1237,"rs56740712,COSV53166562"
1238,rs879811893
1239,rs1435465947
1240,rs564843938
1241,rs972836344
1242,rs139398111
1243,rs560389920
1244,rs187364964
1245,rs984847289
1246,rs70937041
1247,rs191127424
1248,rs1036072446
1249,rs1414690950
1250,rs190060558
1251,rs967692169
1252,rs1405530460
1253,rs897566052
1254,rs191527602
1255,rs58166851
1256,rs1328165529
1257,rs1044734955
1258,rs565740317
1259,rs562600940
1260,rs1451477033
1261,rs187181301
1262,rs747151629
1263,rs186329074
1264,rs932217483
1265,rs764409256
1266,rs187990808
1267,rs192338892
1268,rs1182722282
1269,rs764293189
1270,rs572463908
1271,rs185357760
1272,rs1382749504
1273,rs960077107
1274,rs1045931396
1275,rs999962708
1276,rs1216968907
1277,rs1032284127
1278,rs962234481
1279,rs960322476
1280,rs987887364
1281,rs925426306
1282,rs879759226
1283,rs879943267
1284,rs879709005
1285,rs879700229
1286,rs866664316
1287,rs1558587750
1288,rs879895600
1289,rs895967437
1290,rs568544845
1291,rs1358601818
1292,rs952947092
1293,rs113020147
1294,rs906802391
1295,rs959707012
1296,rs1044620255
1297,rs927462301
1298,rs527369793
1299,rs1046152766
1300,rs547786398
1301,rs916124623
1302,rs7593272
1303,rs1352050641
1304,rs1304883902
1305,rs62163263
1306,rs960063563
1307,rs1359138175
1308,rs887154266
1309,rs1464014446
1310,rs1436018479
1311,rs1169789209
1312,rs75603124
1313,rs958313540
1314,rs557001566
1315,rs900781674
1316,rs1189790082
1317,rs78119736
1318,rs900270168
1319,rs56724154
1320,rs201268768
1321,rs891786056
1322,rs186502257
1323,rs1170652393
1324,rs1278000320
1325,rs983069494
1326,rs187858825
1327,rs79229193
1328,rs1439996714
1329,rs4122739
1330,rs1573108401
1331,rs1257336347
1332,rs1284340557
1333,rs1370553781
1334,rs1278428101
1335,"rs72827108,COSV51893966"
1336,rs2889636
1337,rs1020872385
1338,rs918334794
1339,rs897499919
1340,rs1031078739
1341,rs942457264
1342,rs192401339
1343,rs964714416
1344,rs1028560250
1345,rs759692632
1346,rs771167851
1347,rs56862895
1348,rs927533157
1349,rs1449842064
1350,rs1402102467
1351,rs143171938
1352,rs146674586
1353,rs1029060588
1354,rs1030582084
1355,rs879758117
1356,rs879562723
1357,rs750615884
1358,rs760318149
1359,rs754744408
1360,rs879508371
1361,rs900478141
1362,rs532141409
1363,rs1016411759
1364,rs376366443
1365,rs932069414
1366,rs933439125
1367,rs1051053663
1368,rs1233464530
1369,rs893431551
1370,rs1012386988
1371,rs898525524
1372,rs547868105
1373,rs879698914
1374,rs191893136
1375,rs193012853
1376,rs6437217
1377,rs887968417
1378,rs191563138
1379,rs1053945886
1380,rs577307473
1381,rs1003123205
1382,rs868305826
1383,rs1288294188
1384,rs571251678
1385,rs777884811
1386,rs114661452
1387,rs192150856
1388,rs116765975
1389,rs193186396
1390,rs184130035
1391,rs567101920
1392,rs372095203
1393,rs567049327
1394,rs146249188
1395,rs141362452
1396,rs1028569120
1397,rs566826728
1398,rs561383886
1399,rs190762512
1400,rs959097711
1401,rs560860161
1402,rs191309952
1403,rs556953134
1404,rs568870373
1405,rs2197139
1406,rs186705940
1407,rs188840579
1408,rs540144381
1409,rs186824804
1410,rs10194480
1411,rs996281103
1412,rs531932492
1413,rs1219327310
1414,rs549672442
1415,rs537194541
1416,rs569549115
1417,rs558399660
1418,rs191153415
1419,rs183477697
1420,rs964284703
1421,rs147542162
1422,rs192787327
1423,rs936655890
1424,rs188072517
1425,rs1480347313
1426,rs1041096821
1427,rs184136233
1428,rs1410203899
1429,"rs138502599,COSV57419887"
1430,rs181948576
1431,rs967349498
1432,rs1309327993
1433,"rs113203195,COSV51911961"
1434,rs375248203
1435,"rs368473286,COSV71751695"
1436,rs563012860
1437,rs896843889
1438,rs66710174
1439,rs919680798
1440,rs899578368
1441,rs935781021
1442,rs4673136
1443,rs536979546
1444,rs146475415
1445,rs370963399
1446,rs1176784455
1447,rs892938514
1448,rs10432391
1449,rs1193988212
1450,rs34868504
1451,rs985036975
1452,rs67931188
1453,rs190005899
1454,rs1166039659
1455,rs117207553
1456,rs186354235
1457,rs200729962
1458,rs201738567
1459,rs199932406
1460,rs181025329
1461,rs191050289
1462,rs192401964
1463,rs548699950
1464,rs1170636679
1465,rs1408181398
1466,rs963839991
1467,rs1362404332
1468,rs118018879
1469,rs1454959730
1470,rs1230336138
1471,rs1402563806
1472,rs1428139029
1473,rs1414873868
1474,rs146019571
1475,rs988800077
1476,rs538684426
1477,rs949548388
1478,rs989050884
1479,rs568405862
1480,rs12479453
1481,rs12479586
1482,rs548387464
1483,rs188184535
1484,rs183503392
1485,rs1199003329
1486,rs1278342239
1487,rs138380243
1488,rs1000924096
1489,rs191822439
1490,rs1222904386
1491,rs1338202621
1492,rs566427609
1493,rs1050062491
1494,rs1252738330
1495,rs376235067
1496,rs1385202721
1497,rs6021244
1498,rs184321963
1499,rs199775601
1500,rs768857350
1501,rs1260409297
1502,rs935147413
1503,rs192340974
1504,rs770609452
1505,rs985477189
1506,rs73149015
1507,rs1343422592
1508,rs1322064066
1509,rs979071058
1510,rs1054968847
1511,rs1056497435
1512,rs1470520099
1513,rs182621390
1514,rs1393731088
1515,rs1014227753
1516,rs770907226
1517,rs577311993
1518,rs113157384
1519,rs1446056887
1520,rs1441213623
1521,rs1172992155
1522,rs1434134415
1523,rs13054923
1524,rs937092309
1525,rs565023225
1526,rs754984530
1527,rs1262469168
1528,rs183721074
1529,rs189821026
1530,rs130542
1531,rs965375115
1532,rs192166239
1533,rs1435834595
1534,rs185097134
1535,rs183997999
1536,rs928060218
1537,rs1319624567
1538,rs1042520348
1539,rs28655409
1540,rs141950864
1541,rs183113466
1542,rs1327500105
1543,rs566672384
1544,rs981335614
1545,rs141997686
1546,rs61059870
1547,rs879664926
1548,rs922316338
1549,rs572974265
1550,rs187230134
1551,rs772521297
1552,rs968530379
1553,rs932188662
1554,rs560966825
1555,rs543181219
1556,rs4684066
1557,rs1294171392
1558,rs889238816
1559,rs770827016
1560,rs1030563842
1561,rs184256562
1562,rs1228848707
1563,rs773139119
1564,rs1040316983
1565,rs188146282
1566,rs1308879188
1567,rs983479695
1568,rs549240457
1569,rs907528055
1570,rs944299170
1571,rs575504573
1572,rs1044569561
1573,rs1005121008
1574,rs938200877
1575,rs867661350
1576,rs900576465
1577,rs148667735
1578,rs1001835024
1579,rs939117658
1580,rs542724738
1581,rs1367567034
1582,rs189922728
1583,rs1042040881
1584,rs200456797
1585,rs956248770
1586,rs181830176
1587,rs370985271
1588,rs775535445
1589,"rs755074504,COSV56513467"
1590,rs1336124208
1591,rs185604576
1592,rs1402525859
1593,rs535257638
1594,rs528213896
1595,rs377471738
1596,rs189632990
1597,rs181604174
1598,rs999694249
1599,rs199727285
1600,rs1260986503
1601,rs1051775758
1602,rs188597373
1603,rs141886250
1604,rs1255749460
1605,rs916805261
1606,rs909454717
1607,rs778919766
1608,rs1423024098
1609,rs554732902
1610,"rs780071005,COSV70456630"
1611,rs13322286
1612,rs1032714978
1613,rs1392086817
1614,rs1003191919
1615,rs984129929
1616,rs559582728
1617,rs1426837933
1618,rs1040168363
1619,rs1484151805
1620,rs1414335158
1621,rs1167912875
1622,rs945242778
1623,rs1024669489
1624,rs542369916
1625,rs1404169118
1626,rs375843321
1627,rs780519670
1628,rs2608020
1629,rs151327523
1630,rs181743998
1631,rs932715310
1632,rs184253424
1633,rs903866473
1634,rs1008490375
1635,rs1317137094
1636,rs182867840
1637,rs549916326
1638,rs1174394570
1639,rs963065921
1640,rs1056438009
1641,rs1015669223
1642,rs904811640
1643,rs999054205
1644,rs1017967354
1645,rs926393564
1646,rs1048681315
1647,rs1248472927
1648,rs1229354587
1649,rs1392236075
1650,rs1424256030
1651,rs1251153904
1652,rs1358934526
1653,rs189158066
1654,rs1451894160
1655,rs551538976
1656,rs960187570
1657,rs980552273
1658,rs1460120479
1659,rs1459382590
1660,rs971852280
1661,rs1013052827
1662,rs951710854
1663,rs1012558019
1664,rs1007905533
1665,rs778638519
1666,rs879781738
1667,rs879277196
1668,rs879467182
1669,rs879804155
1670,rs1226442509
1671,rs1181857006
1672,rs1368081399
1673,rs1411266668
1674,rs1022558787
1675,rs1047813991
1676,rs190305632
1677,rs982339286
1678,rs535843422
1679,rs760369005
1680,rs555101800
1681,"rs7430851,COSV55808920"
1682,rs186152491
1683,rs192177614
1684,rs188058020
1685,rs12639213
1686,rs185063450
1687,rs193216499
1688,rs185594640
1689,rs184490867
1690,rs188310659
1691,rs184667595
1692,rs180745148
1693,rs180841479
1694,rs142383209
1695,rs538955255
1696,rs960645076
1697,rs184157802
1698,rs149351110
1699,rs564553968
1700,rs899843872
1701,rs892651987
1702,rs637573
1703,rs73167719
1704,rs1174069417
1705,rs961860679
1706,rs927168308
1707,rs146816029
1708,rs1054395951
1709,rs562102276
1710,rs1008911925
1711,rs1034071696
1712,rs1052866955
1713,rs1179903743
1714,rs1020459966
1715,rs1303331553
1716,rs4859172
1717,rs13065645
1718,rs6765290
1719,rs188750238
1720,rs146345079
1721,rs1389465887
1722,rs868843543
1723,rs1341894826
1724,rs1406016503
1725,rs1178443388
1726,rs1294110950
1727,rs938841209
1728,rs563886819
1729,rs149940822
1730,rs139330661
1731,rs548744270
1732,rs1368261516
1733,rs1051261862
1734,rs1031471196
1735,rs182039036
1736,rs1041336738
1737,rs1167250800
1738,rs1054106878
1739,rs905496871
1740,rs1009511826
1741,rs77775037
1742,rs35394462
1743,rs3961216
1744,rs1320463287
1745,rs1368822237
1746,rs567008237
1747,rs925621730
1748,rs80039746
1749,rs191203058
1750,rs985972215
1751,rs542399218
1752,rs1164864437
1753,rs976114354
1754,rs6821754
1755,rs537652501
1756,rs188584496
1757,rs539341931
1758,rs1176456948
1759,rs1056776664
1760,rs879510940
1761,rs200142758
1762,rs1350335927
1763,rs1284018070
1764,rs74778300
1765,rs778473749
1766,rs3085232
1767,rs891981549
1768,rs1395740
1769,rs532216614
1770,rs201560374
1771,rs757359563
1772,rs1003425297
1773,rs773880528
1774,rs574067991
1775,rs1052079160
1776,rs548307763
1777,rs181128998
1778,rs7678271
1779,rs1178596322
1780,rs1476209396
1781,rs1449773289
1782,rs1011087913
1783,rs960938651
1784,rs554415320
1785,rs72683080
1786,rs545948956
1787,rs529258083
1788,rs528129488
1789,rs1031866632
1790,rs186262065
1791,rs757150848
1792,rs946043668
1793,rs571299169
1794,rs953514766
1795,rs184616118
1796,rs189777617
1797,rs190687001
1798,rs182061526
1799,rs552020587
1800,rs142457998
1801,rs117904460
1802,rs569535844
1803,rs184361614
1804,rs190619958
1805,rs1046463131
1806,rs186557261
1807,rs147579999
1808,rs1578875793
1809,rs1231480849
1810,rs767955744
1811,rs1049154233
1812,rs1307715840
1813,rs185503390
1814,rs970052209
1815,rs6838497
1816,rs979449134
1817,rs924239335
1818,rs912020098
1819,rs1027202136
1820,rs902350665
1821,rs1448092308
1822,rs923677264
1823,rs71602615
1824,rs941434289
1825,rs530082482
1826,rs181803279
1827,rs760491145
1828,rs186189106
1829,rs1183078556
1830,rs760986574
1831,rs1217150618
1832,rs1451130153
1833,rs568570485
1834,rs1008363965
1835,rs1180788257
1836,rs572783013
1837,rs958234388
1838,rs1005016262
1839,rs1033220183
1840,rs1007210022
1841,rs1043517698
1842,rs558487687
1843,rs182051645
1844,rs1299009797
1845,rs564915722
1846,rs1282952716
1847,rs1045389048
1848,rs936319689
1849,rs201232242
1850,rs192907983
1851,rs1384521758
1852,rs563188067
1853,rs190938834
1854,rs139658540
1855,rs898891386
1856,rs565865056
1857,rs546976095
1858,rs1472042396
1859,rs1244142868
1860,rs181806032
1861,rs13154690
1862,rs184986912
1863,rs997891869
1864,rs962386880
1865,rs879517211
1866,rs932741714
1867,rs920557185
1868,rs919028179
1869,rs13173383
1870,rs78724971
1871,rs1383958626
1872,rs1341075701
1873,rs796257173
1874,rs564506715
1875,rs139642610
1876,rs751544851
1877,rs187412524
1878,rs113952342
1879,rs115734704
1880,rs58005286
1881,rs928034610
1882,rs553814401
1883,rs1048890488
1884,rs1026610912
1885,rs143501940
1886,rs4537086
1887,rs181927623
1888,rs568113662
1889,rs908393116
1890,rs544483858
1891,rs191957499
1892,rs1455466896
1893,rs1003328769
1894,rs1448636965
1895,rs919200533
1896,rs895778152
1897,rs759393861
1898,rs1334025034
1899,rs186444147
1900,rs989911272
1901,rs189091157
1902,rs150566089
1903,rs190245659
1904,rs3905529
1905,rs150167744
1906,rs146197849
1907,rs1312983949
1908,rs1232386719
1909,rs371915149
1910,rs1194355362
1911,rs1472289205
1912,rs1351009085
1913,rs1427681607
1914,rs909448324
1915,rs923733691
1916,rs924010320
1917,rs530745738
1918,rs142079077
1919,rs938423226
1920,rs199840118
1921,rs947558370
1922,rs58510713
1923,rs527399281
1924,rs192160384
1925,rs983810341
1926,rs1332217897
1927,rs1001940182
1928,rs1019954161
1929,rs1005491602
1930,rs972361537
1931,rs76064846
1932,rs774004571
1933,rs983140399
1934,rs935638929
1935,rs939437138
1936,rs1326736668
1937,rs1015434272
1938,rs191149482
1939,rs906600920
1940,rs2089798
1941,rs937860816
1942,rs369934489
1943,rs189807202
1944,rs982316604
1945,rs186382841
1946,rs1412488069
1947,"rs1051332782,COSV54653872"
1948,rs190129900
1949,rs57796322
1950,rs1389930470
1951,rs189607232
1952,rs970155378
1953,rs901294792
1954,rs948445889
1955,rs1233772828
1956,rs570443191
1957,rs879459070
1958,rs1281772413
1959,rs147108371
1960,rs1157205660
1961,rs922537430
1962,rs560694190
1963,rs898547192
1964,rs1482475579
1965,rs993861148
1966,rs1396229437
1967,rs1184038739
1968,rs187695960
1969,rs191515086
1970,rs181769742
1971,rs144216626
1972,rs191029676
1973,rs950784588
1974,rs184665041
1975,rs577076124
1976,rs767959320
1977,rs181556681
1978,rs1029338056
1979,rs1041324640
1980,"rs116634077,COSV53811935"
1981,rs901822411
1982,rs185991629
1983,rs980467241
1984,rs1334146368
1985,rs866954590
1986,rs868651650
1987,rs912245962
1988,rs534058497
1989,rs1443237189
1990,rs554768356
1991,rs140248517
1992,rs1040653670
1993,rs578230362
1994,rs531513215
1995,rs890234918
1996,rs939683852
1997,rs960973248
1998,rs879882535
1999,rs978419980
2000,rs9366289
2001,rs924874744
2002,rs1017904853
2003,rs1263042571
2004,rs6932828
2005,rs894745887
2006,rs1019557970
2007,rs1375065440
2008,rs1316715123
2009,rs1322571722
2010,rs1406923311
2011,rs1208063430
2012,rs1049422395
2013,rs1023275400
2014,rs201905671
2015,rs5027245
2016,rs9279015
2017,rs9279016
2018,rs1426771247
2019,rs968864652
2020,rs188027690
2021,rs994373565
2022,rs976754484
2023,rs1407063935
2024,rs1462976395
2025,rs1473723908
2026,rs538825877
2027,rs1357602895
2028,rs1272871086
2029,rs1284621380
2030,rs577558358
2031,rs149306912
2032,rs117709894
2033,rs767614392
2034,rs11405050
2035,rs9450777
2036,rs9362456
2037,rs1242019559
2038,rs778865526
2039,rs966966289
2040,rs1042218382
2041,"rs528679638,COSV59785065"
2042,rs554007619
2043,rs867535629
2044,rs72954202
2045,rs368162095
2046,rs1426107741
2047,rs6939788
2048,rs969592252
2049,rs1582487838
2050,rs1582496739
2051,rs1582594139
2052,rs988647130
2053,rs745988619
2054,rs1033609470
2055,rs1044592774
2056,rs186734850
2057,rs1031791635
2058,rs945676461
2059,rs879864545
2060,rs914917625
2061,rs150922558
2062,rs1011137621
2063,rs149562760
2064,rs1041127982
2065,rs548936229
2066,rs112197758
2067,rs113022492
2068,rs950580009
2069,rs942276852
2070,rs907413333
2071,rs186928876
2072,rs937849624
2073,rs185383887
2074,rs539901920
2075,rs867814656
2076,rs1008347300
2077,rs763042386
2078,rs773782215
2079,rs894297238
2080,rs986183609
2081,rs1008368814
2082,rs145998973
2083,rs560194072
2084,rs138498374
2085,rs867489012
2086,rs920708151
2087,rs1015771996
2088,rs1247290686
2089,rs898669457
2090,rs1009416765
2091,rs1198141200
2092,rs1232351372
2093,rs756496133
2094,rs879602840
2095,rs922158293
2096,rs1049997382
2097,rs985251761
2098,rs949869094
2099,rs757778525
2100,rs903795434
2101,rs927659155
2102,rs984507177
2103,rs220731
2104,rs974036411
2105,rs927979356
2106,rs997954945
2107,"rs2320813,COSV58241472"
2108,rs12213572
2109,rs191778229
2110,rs1001932208
2111,rs142831878
2112,rs191420806
2113,rs573819936
2114,rs1223968140
2115,rs958011389
2116,rs997553018
2117,rs13309569
2118,rs763122987
2119,rs901246717
2120,rs1426953872
2121,rs150257063
2122,rs1245781623
2123,rs956927482
2124,rs1443719362
2125,rs1469900800
2126,rs1421123015
2127,rs1312962479
2128,rs1388206980
2129,rs139120211
2130,rs1203256796
2131,rs193117046
2132,rs979971439
2133,rs10231682
2134,rs764965220
2135,rs937733329
2136,rs1433696343
2137,rs371175297
2138,rs376124438
2139,rs367574507
2140,rs890021223
2141,rs973027608
2142,rs866082762
2143,rs553697912
2144,rs184724615
2145,rs9801028
2146,rs958716473
2147,rs563534446
2148,rs764431586
2149,rs761090825
2150,rs954871539
2151,rs13308070
2152,rs6583439
2153,rs139932997
2154,rs1038754896
2155,rs898034005
2156,rs1038000397
2157,rs939761
2158,rs188457996
2159,rs188891820
2160,rs201310506
2161,rs1316281732
2162,rs550572028
2163,rs548500942
2164,rs551644012
2165,rs891970919
2166,rs979292863
2167,rs1045180006
2168,rs952601877
2169,rs988686751
2170,rs1002790864
2171,rs561489764
2172,rs1310903592
2173,rs1187565521
2174,rs1031955974
2175,rs1023582087
2176,rs550469633
2177,rs200365079
2178,rs940341375
2179,rs1554637557
2180,rs1256606666
2181,rs938191558
2182,rs1215713548
2183,rs879110217
2184,rs1290272206
2185,rs1286431510
2186,rs959654910
2187,rs918338926
2188,rs962384855
2189,rs773558417
2190,rs946566841
2191,rs935796005
2192,rs367905969
2193,rs201520160
2194,rs548646892
2195,rs1026776700
2196,rs144150229
2197,rs539354992
2198,rs1276758678
2199,rs924717708
2200,rs960701065
2201,rs896657604
2202,rs902253483
2203,rs942840742
2204,rs915347636
2205,rs147714774
2206,rs879248033
2207,rs576773176
2208,rs1265383244
2209,rs935164143
2210,rs1194367594
2211,rs191371392
2212,"rs114796185,COSV51956829"
2213,rs973486749
2214,rs557526379
2215,rs1033182653
2216,rs1399887629
2217,rs879812433
2218,"rs549450701,COSV50054757"
2219,rs561010095
2220,rs905369275
2221,rs766958647
2222,rs974485415
2223,rs562473403
2224,rs542540086
2225,rs973439099
2226,rs364298
2227,rs960248265
2228,rs1463114310
2229,rs959603033
2230,rs1482540810
2231,rs187774592
2232,rs186888290
2233,rs1053456299
2234,rs971498671
2235,rs990116037
2236,rs572847528
2237,rs904208125
2238,rs538188738
2239,rs1037141016
2240,rs996166170
2241,rs930741176
2242,rs768060505
2243,rs911068725
2244,rs966843378
2245,rs773231639
2246,rs1041942089
2247,rs1320318599
2248,rs182799214
2249,rs915448827
2250,rs918958035
2251,rs187484739
2252,rs1010795999
2253,rs568072099
2254,rs145481164
2255,rs190487662
2256,rs996665383
2257,rs896327403
2258,rs988499395
2259,rs1343638837
2260,rs1196153770
2261,rs1005304425
2262,rs1026883266
2263,rs1027906963
2264,rs967334699
2265,rs565879729
2266,rs1008751648
2267,rs994832289
2268,rs575637924
2269,rs907304346
2270,rs1166931328
2271,rs909734106
2272,rs189552913
2273,rs191085902
2274,rs150508685
2275,rs192007920
2276,rs368891
2277,rs181631566
2278,rs188518511
2279,rs575982464
2280,rs1434991154
2281,rs1337628582
2282,rs571287903
2283,rs965021788
2284,rs1029644686
2285,rs965887713
2286,rs1384140744
2287,rs1019107397
2288,rs571704413
2289,rs145814484
2290,"rs201288675,COSV62164634"
2291,rs148397102
2292,rs879797965
2293,rs1435803327
2294,rs1361184199
2295,rs565245192
2296,rs1221091205
2297,rs769593334
2298,rs572829896
2299,rs886755896
2300,rs919091206
2301,rs74197241
2302,rs1045480494
2303,rs756481664
2304,rs540510586
2305,rs1295398552
2306,rs970488742
2307,rs866451525
2308,rs10108163
2309,rs1401948340
2310,rs7818653
2311,rs1467623584
2312,rs868220324
2313,rs192768601
2314,rs184995594
2315,rs1255090475
2316,rs555470807
2317,rs1024313916
2318,rs758899573
2319,rs1321358818
2320,rs1425583477
2321,rs566353237
2322,rs1421691520
2323,rs1032836324
2324,rs1239965311
2325,rs1315052583
2326,rs889997111
2327,rs916494116
2328,rs77400577
2329,rs1401682313
2330,rs1156245831
2331,rs200066554
2332,rs985136454
2333,rs1418031481
2334,rs1398389066
2335,rs1442564085
2336,rs1318560944
2337,rs190343043
2338,rs188593656
2339,rs1037519608
2340,rs189424076
2341,rs1384665360
2342,rs758542704
2343,rs1028111679
2344,rs532327226
2345,rs990408428
2346,rs150769062
2347,rs1402123814
2348,rs1027267230
2349,rs948227876
2350,rs962026104
2351,rs951370849
2352,rs541781622
2353,rs1586117957
2354,rs532377606
2355,rs549932416
2356,rs1053132404
2357,rs182448566
2358,rs1272485026
2359,rs765508167
2360,rs1177880368
2361,rs925979627
2362,rs1015381710
2363,rs185759461
2364,rs866901602
2365,rs1327480256
2366,rs903477353
2367,rs185607621
2368,rs12547361
2369,rs943640875
2370,rs186228473
2371,rs188307670
2372,rs982014768
2373,rs77996463
2374,rs1013935304
2375,rs1013436240
2376,rs974288429
2377,rs571275772
2378,rs573859177
2379,rs1475677358
2380,rs13253973
2381,rs186671623
2382,rs188345453
2383,rs190783454
2384,rs1023874978
2385,rs375234452
2386,rs1239412809
2387,rs552481004
2388,rs1246003584
2389,rs1048522487
2390,rs531396475
2391,rs988915195
2392,rs556702403
2393,rs114750951
2394,rs544617298
2395,rs896669492
2396,rs941802001
2397,rs1031947824
2398,rs188009496
2399,rs570229276
2400,rs561925763
2401,rs746632513
2402,rs1001572708
2403,rs966635511
2404,rs940567757
2405,rs934552721
2406,rs1000521428
2407,rs189052047
2408,rs934668673
2409,rs1040348930
2410,rs185179169
2411,rs961857407
2412,rs1014583868
2413,rs190820738
2414,rs1984053
2415,rs1369538007
2416,rs185900494
2417,rs138112429
2418,rs542521007
2419,rs12554828
2420,rs3069830
2421,rs951953367
2422,rs958637553
2423,rs1477837785
2424,rs1008967823
2425,rs1049160722
2426,rs1296583284
2427,rs1313665716
2428,rs1186796906
2429,rs1458680566
2430,rs1312786865
2431,rs1452732679
2432,rs1318813636
2433,rs1049219549
2434,rs566937686
2435,rs879649591
2436,rs563616209
2437,rs151020104
2438,rs1345407965
2439,rs939064393
2440,rs185234829
2441,rs187695039
2442,rs111398457
2443,rs183805268
2444,rs78905260
2445,rs533805737
2446,rs12005370
2447,rs183560016
2448,rs1288381400
2449,rs555062544
2450,rs192298107
2451,rs915416670
2452,rs184554030
2453,rs1019537315
2454,rs191647214
2455,rs905712505
2456,rs981148346
2457,rs961791599
2458,rs1340293145
2459,rs573667037
2460,rs568223384
2461,rs76947498
2462,rs78722960
2463,rs564805368
2464,"rs4992160,COSV66006569"
2465,rs77118206
2466,rs905825380
2467,rs57059946
2468,rs894320738
2469,rs569164985
2470,rs968751217
2471,rs966937743
2472,rs560129722
2473,rs1352859123
2474,rs186998815
2475,rs535843299
2476,rs998863456
2477,rs974322741
2478,rs936242953
2479,rs1047970559
2480,rs779132688
2481,rs111884603
2482,rs1293207546
2483,rs768266141
2484,rs146046027
2485,rs73176312
2486,rs191462635
2487,rs73176314
2488,rs67557699
2489,rs5988658
2490,rs6644575
2491,rs35844204
2492,rs5988350
2493,rs2399945
2494,rs2399944
2495,rs67764768
2496,rs67754511
2497,rs73176325
2498,rs541081333
2499,rs66839757
2500,rs67021337
2501,rs66777143
2502,rs28644170
2503,rs1214041626
2504,rs866436460
2505,rs1260918766
2506,rs34771145
2507,rs1455440008
2508,rs978143229
2509,rs753030580
2510,rs777517208
2511,rs988476102
2512,rs1471796381
2513,rs892528437
2514,rs916293851
2515,rs908990070
2516,rs1035064772
2517,rs1042720976
2518,rs1004886044
2519,rs370109576
2520,rs867399905
2521,rs184470286
2522,rs1020445230
2523,rs55703425
2524,rs1239359461
2525,rs1023307999
2526,rs958862042
2527,rs1025869199
2528,rs201533286
2529,rs185984192
2530,rs768517779
2531,rs1014510242
2532,rs992705451
2533,rs947841480
2534,"rs202045062,COSV58919258"
2535,rs917394075
2536,rs773334259
2537,rs972625623
2538,rs959377091
2539,rs940204970
2540,rs1034538795
2541,rs1049469205
2542,rs1000356011
2543,rs1157372558
2544,rs1002518082
2545,rs920425261
2546,rs889900185
2547,rs951600004
2548,rs751771005
2549,rs972029667
2550,rs964418144
2551,rs188789355
2552,rs184938025
2553,rs938541248
2554,rs201490357
2555,rs1487497963
2556,rs782508657
2557,rs963785349
2558,rs1381840272
2559,rs1440777449
2560,rs1017396411
2561,rs781990117
2562,rs985357859
2563,rs185705587
2564,rs1022728079
2565,rs752243737
2566,rs1446542155
2567,rs746466010
2568,rs181158254
2569,rs1030393632
2570,rs1408862502
2571,rs187667504
2572,rs1015553040
2573,rs776331077
2574,rs1050605386
2575,rs1156314500
2576,rs541147424
2577,rs868607816
2578,rs200055592
2579,rs1038102263
2580,rs957054286
2581,rs1008724733
2582,rs557919076
2583,rs188782128
2584,rs1343315421
2585,rs1392305543
2586,rs782423207
2587,rs183923313
2588,rs774339365
2589,rs943517967
2590,rs754757520
2591,rs1022257572
2592,rs977273043
2593,rs192634018
2594,rs998063149
2595,rs759720524
2596,rs926642124
2597,rs182702448
2598,rs769137399
2599,rs765116143
2600,rs779779703
2601,rs976153310
2602,rs1164115523
2603,rs1195062749
2604,"rs945433661,COSV62780264"
2605,rs933984189
2606,rs189138076
2607,rs770851142
2608,rs1051452693
2609,rs1019766964
2610,rs185700700
2611,rs182952768
2612,rs187430897
2613,rs181993763
2614,rs7064599
2615,rs757824450
2616,rs752252303
2617,rs1337578355
2618,rs979109551
2619,rs77910302
2620,rs1015743003
2621,rs970450622
2622,rs191874253
2623,rs185750048
2624,rs1020283029
2625,rs553468090
2626,rs993116805
2627,rs777380922
2628,rs1284796306
2629,rs998163109
2630,rs928382613
2631,rs942359086
2632,rs918457427
2633,rs113254357
2634,rs1292996672
2635,rs1271977109
2636,rs1245415277
2637,rs1321110799
2638,rs985469551
2639,rs1356123176
2640,rs1220231757
2641,rs1057095133
2642,rs1243603395
2643,rs1432707651
2644,rs775805312
2645,rs1466329794
2646,rs28718178
2647,rs6646256
2648,rs58917413
2649,rs181780699
2650,rs2801352
2651,rs916574030
2652,rs186117554
2653,rs895456673
2654,rs889235859
2655,rs1036335102
2656,rs919548279
2657,rs912413509
2658,rs1039411642
2659,rs1024115092
2660,rs918926645
2661,rs1014931640
2662,rs1015981983
2663,rs370601635
2664,rs1477622386
2665,rs1054295091
2666,rs1310306163
2667,rs892744528
2668,rs58786848
2669,rs777512724
2670,rs551330804
2671,rs58608294
2672,rs996113458
2673,rs1054023476
2674,rs896538098
2675,rs917396780
2676,rs1460326291
2677,rs1191866095
2678,rs945694718
2679,rs910290452
2680,rs1306333670
2681,rs182122806
2682,rs188293161
2683,rs1167721696
2684,rs961839257
2685,rs1340759603
2686,rs1602941703
2687,rs9786446
2688,rs1053730121
2689,rs993308255
2690,rs777639335
2691,rs1603161096
2692,rs1556089797
2693,rs1299532775
2694,rs1325026353
2695,rs750269400
2696,rs748949338
2697,rs1324983208
2698,rs1029876696
2699,rs982515485
2700,rs907013169
2701,rs1053250591
